"sex","age","Pstatus","Fedu","Medu","guardian","studytime","traveltime","failures","famrel","freetime","absences"
"F",18,"A",4,4,"mother",2,2,0,4,3,6
"F",17,"T",1,1,"father",2,1,0,5,3,4
"F",15,"T",1,1,"mother",2,1,3,4,3,10
"F",15,"T",2,4,"mother",3,1,0,3,2,2
"M",16,"T",3,4,"mother",2,1,0,5,4,10
"M",16,"T",2,2,"mother",2,1,0,4,4,0
"F",17,"A",4,4,"mother",2,2,0,4,1,6
"M",15,"A",2,3,"mother",2,1,0,4,2,0
"M",15,"T",4,3,"mother",2,1,0,5,5,0
"F",15,"T",4,4,"mother",2,1,0,3,3,0
"F",15,"T",1,2,"father",3,3,0,5,2,4
"M",15,"T",4,4,"father",1,1,0,4,3,2
"M",15,"T",3,4,"mother",2,2,0,5,4,2
"M",15,"A",2,2,"other",3,1,0,4,5,0
"F",16,"T",4,4,"mother",1,1,0,4,4,4
"F",16,"T",4,4,"mother",3,1,0,3,2,6
"F",16,"T",3,3,"mother",2,3,0,5,3,4
"M",17,"T",2,3,"mother",1,1,3,5,5,16
"M",16,"T",3,4,"father",1,1,0,3,1,4
"M",15,"T",3,4,"mother",2,1,0,4,4,0
"M",15,"T",4,4,"father",1,1,0,5,4,0
"M",16,"T",2,4,"mother",2,1,0,4,5,2
"M",16,"T",2,2,"mother",2,2,0,5,4,0
"F",15,"T",4,2,"mother",3,1,0,4,3,2
"F",16,"T",2,2,"mother",1,1,2,1,2,14
"M",15,"T",2,2,"mother",1,1,0,4,2,2
"M",15,"T",2,4,"mother",1,1,0,2,2,4
"M",16,"A",4,3,"mother",2,1,0,5,3,4
"M",16,"T",4,4,"mother",2,1,0,4,4,16
"M",15,"T",4,4,"mother",2,1,0,5,4,0
"M",15,"T",3,4,"mother",2,1,0,4,5,0
"M",16,"T",2,3,"mother",1,1,0,5,4,0
"F",15,"T",3,2,"father",1,2,0,3,5,0
"M",15,"T",3,4,"mother",3,1,0,5,4,2
"M",16,"A",4,4,"mother",3,2,0,2,4,7
"F",15,"T",4,3,"mother",3,1,0,4,3,2
"F",15,"T",2,2,"mother",1,1,0,4,3,8
"F",16,"T",2,2,"mother",2,2,1,3,3,25
"M",15,"T",4,4,"other",1,1,0,5,4,8
"M",15,"T",4,4,"father",2,1,0,4,3,2
"M",15,"T",2,2,"father",1,1,0,5,4,0
"F",16,"T",2,2,"father",2,2,1,4,3,14
"F",15,"A",3,4,"mother",2,1,0,5,2,8
"F",16,"A",3,3,"mother",2,1,0,2,3,12
"M",16,"T",3,4,"mother",4,1,0,4,2,4
"M",15,"T",2,4,"mother",2,1,0,4,3,2
"F",15,"T",4,4,"father",2,1,1,4,4,2
"F",16,"T",2,2,"mother",2,3,0,4,3,2
"F",15,"T",2,4,"mother",2,1,0,4,3,2
"M",15,"A",2,4,"father",1,2,1,5,5,6
"F",15,"T",4,4,"mother",1,1,0,3,3,0
"F",15,"A",3,3,"mother",1,1,0,5,3,6
"F",16,"A",1,2,"mother",2,1,0,5,3,8
"F",15,"A",3,4,"mother",2,1,0,4,3,0
"M",15,"T",4,4,"mother",2,1,0,3,2,4
"M",15,"T",2,1,"father",2,1,0,4,3,2
"F",16,"T",2,4,"mother",2,1,0,4,2,2
"F",16,"T",4,4,"mother",2,1,0,2,4,6
"F",16,"T",1,1,"father",1,4,0,5,5,6
"F",16,"T",2,1,"father",2,1,0,4,4,4
"F",16,"T",3,4,"mother",3,1,0,3,4,2
"F",15,"T",3,4,"father",2,1,0,4,4,0
"F",16,"T",3,4,"mother",2,3,0,5,4,2
"F",16,"T",1,3,"mother",4,1,0,4,3,4
"F",15,"T",2,2,"mother",2,2,0,4,1,2
"F",15,"T",1,3,"father",4,2,0,4,4,12
"M",16,"T",1,3,"father",4,2,0,4,3,0
"M",15,"T",2,4,"mother",4,1,0,3,3,0
"F",15,"T",1,1,"mother",2,1,2,3,3,2
"M",16,"T",1,3,"mother",1,1,0,5,3,2
"F",16,"T",3,3,"mother",2,1,0,4,3,54
"M",15,"T",3,4,"mother",2,1,0,4,3,6
"M",15,"T",0,4,"mother",4,2,0,3,4,8
"F",16,"T",2,2,"mother",4,1,0,5,2,0
"M",17,"T",1,2,"mother",1,2,3,4,5,2
"F",16,"T",4,3,"mother",2,1,0,2,4,12
"M",15,"T",3,2,"father",1,1,0,3,2,2
"M",15,"T",3,2,"mother",3,1,0,5,3,4
"F",15,"T",2,3,"mother",2,1,0,4,4,10
"M",15,"T",2,2,"mother",2,2,0,5,3,4
"F",15,"T",1,1,"father",2,1,0,4,3,2
"F",15,"T",4,4,"father",2,2,2,4,4,6
"F",16,"T",2,2,"mother",2,1,0,4,3,4
"F",15,"T",2,4,"mother",3,1,0,5,3,4
"M",16,"T",2,2,"father",2,2,1,4,4,12
"M",16,"A",4,4,"mother",2,1,0,4,1,18
"F",16,"T",3,3,"mother",3,1,0,4,3,0
"F",15,"T",3,4,"mother",1,1,0,4,5,4
"F",16,"T",1,3,"father",2,1,0,3,3,4
"F",16,"T",2,4,"mother",2,2,0,5,3,0
"M",15,"T",2,2,"mother",4,1,0,4,3,6
"F",15,"T",1,1,"mother",4,2,1,3,1,2
"F",16,"T",4,4,"mother",1,1,0,5,3,6
"F",16,"T",3,4,"mother",3,1,0,5,3,0
"M",16,"T",4,4,"mother",1,1,0,4,5,14
"M",16,"T",4,4,"father",3,1,0,4,4,0
"M",15,"T",4,4,"mother",1,1,0,5,3,4
"F",15,"T",2,3,"mother",2,2,0,4,3,26
"M",15,"A",4,3,"mother",2,1,0,5,4,0
"F",15,"A",3,3,"father",4,1,0,4,3,10
"F",15,"T",2,2,"mother",4,1,0,5,1,8
"M",16,"T",3,3,"father",3,1,0,5,3,2
"M",15,"T",4,4,"father",4,4,0,1,3,6
"F",16,"T",4,4,"mother",3,1,0,5,4,4
"M",15,"A",4,4,"mother",1,1,0,5,5,6
"F",16,"T",3,3,"father",3,1,1,4,1,0
"F",16,"T",2,2,"mother",2,1,1,3,1,6
"M",15,"T",2,4,"mother",1,1,0,3,5,10
"M",15,"T",1,2,"mother",2,1,0,5,4,8
"M",16,"T",4,4,"father",2,1,0,5,4,2
"M",15,"T",4,4,"father",2,2,0,4,4,2
"M",16,"T",3,3,"father",1,2,0,5,4,0
"M",17,"T",3,1,"father",2,3,1,5,2,20
"M",15,"T",4,3,"father",1,1,0,3,4,6
"F",15,"T",2,1,"mother",2,1,0,3,2,2
"M",15,"T",2,2,"father",4,1,0,5,5,6
"F",16,"T",4,2,"father",2,2,0,4,2,2
"M",16,"T",4,4,"mother",1,1,0,3,4,18
"F",16,"T",2,2,"mother",2,1,0,5,4,0
"M",15,"T",4,3,"father",1,1,0,5,5,0
"F",15,"A",4,3,"mother",2,1,0,5,3,0
"F",19,"T",1,0,"other",2,1,3,3,4,2
"M",18,"T",2,2,"mother",1,1,2,3,3,0
"M",16,"T",4,4,"mother",1,1,0,3,5,8
"F",15,"T",4,3,"father",3,2,2,4,2,0
"F",15,"T",1,1,"mother",1,3,0,4,3,0
"F",17,"T",2,2,"father",1,1,0,3,4,12
"F",16,"A",4,3,"father",1,1,0,3,2,16
"M",15,"T",4,3,"mother",2,4,0,5,3,0
"F",15,"T",4,4,"mother",3,1,0,4,3,0
"M",17,"T",4,3,"mother",2,3,0,5,4,0
"F",16,"A",3,3,"other",1,2,2,4,3,0
"M",16,"T",1,1,"mother",2,1,1,4,4,0
"F",15,"T",4,4,"mother",1,2,0,4,3,0
"M",15,"T",3,4,"father",4,2,0,2,2,0
"M",16,"T",2,2,"father",1,2,2,2,3,8
"F",15,"T",4,4,"mother",3,1,0,4,2,2
"F",16,"T",1,1,"mother",1,1,0,3,4,2
"M",17,"T",1,2,"mother",1,1,3,5,4,0
"F",15,"T",1,1,"father",2,1,0,4,4,0
"F",15,"T",2,3,"father",2,1,3,3,3,0
"F",15,"T",2,1,"mother",2,1,0,4,3,2
"M",16,"T",4,4,"mother",1,1,0,3,3,0
"M",15,"A",1,2,"mother",1,4,3,4,5,0
"M",18,"T",1,1,"mother",1,1,3,2,3,0
"M",16,"T",1,2,"mother",1,1,1,4,4,6
"F",15,"T",3,3,"other",3,2,2,4,2,8
"F",17,"T",4,4,"mother",1,1,0,4,2,0
"M",15,"T",3,2,"mother",2,1,0,4,4,2
"M",17,"T",2,1,"mother",1,1,0,2,2,8
"F",18,"T",1,1,"mother",1,3,3,5,2,6
"M",16,"T",2,2,"mother",1,3,0,4,2,2
"M",16,"T",3,3,"father",2,1,1,4,5,4
"M",17,"T",1,2,"mother",1,2,2,3,3,0
"M",15,"T",2,3,"mother",2,2,2,4,4,6
"M",16,"T",2,1,"mother",1,2,1,4,4,0
"M",17,"T",3,1,"father",1,1,0,5,3,2
"M",17,"T",1,1,"mother",2,4,3,5,3,0
"M",16,"T",2,3,"mother",1,2,1,4,5,16
"M",16,"T",2,2,"father",2,1,0,4,3,4
"F",16,"T",2,4,"father",2,1,0,4,2,0
"F",16,"T",2,2,"mother",2,1,0,5,1,0
"F",16,"T",4,4,"mother",2,1,0,4,4,0
"M",16,"T",4,3,"father",1,3,2,3,4,0
"M",16,"T",0,1,"mother",2,2,0,4,3,2
"M",17,"T",4,4,"mother",2,1,0,4,4,0
"F",16,"T",3,1,"mother",2,1,3,4,3,0
"F",16,"T",3,3,"mother",2,2,0,4,4,4
"M",17,"T",3,4,"mother",2,2,0,4,4,4
"F",16,"T",2,2,"mother",2,2,0,3,4,2
"M",17,"T",3,3,"father",2,1,0,4,3,4
"M",16,"T",2,4,"mother",1,1,0,4,3,10
"M",17,"T",3,4,"mother",2,1,0,5,2,4
"M",16,"T",3,4,"mother",2,1,0,3,4,10
"M",16,"T",3,3,"mother",2,1,0,4,2,2
"F",17,"T",4,2,"father",2,1,0,5,4,0
"F",17,"T",3,3,"mother",2,1,0,5,3,56
"F",16,"T",2,3,"mother",2,1,0,1,2,14
"M",17,"T",3,3,"mother",2,1,0,4,3,12
"M",16,"T",2,1,"mother",1,1,0,3,3,2
"M",16,"T",1,2,"mother",2,1,0,4,2,0
"F",17,"A",3,3,"mother",2,1,0,3,3,6
"M",17,"T",2,1,"mother",2,1,0,3,1,4
"F",16,"T",3,2,"mother",2,1,0,4,3,10
"F",17,"T",1,1,"mother",2,1,0,5,3,0
"M",17,"T",2,1,"other",2,2,0,4,4,12
"M",16,"T",3,3,"mother",1,1,0,4,3,8
"M",16,"T",3,2,"father",1,2,0,5,3,0
"F",17,"T",4,2,"father",2,1,0,4,3,0
"M",17,"T",4,4,"mother",1,1,0,5,2,4
"M",16,"T",3,3,"father",1,3,0,3,3,8
"F",17,"T",4,4,"mother",1,2,1,4,2,24
"F",16,"T",4,4,"mother",2,1,0,4,5,0
"F",16,"T",3,4,"mother",2,1,0,4,3,2
"F",16,"T",3,2,"mother",2,1,0,4,4,6
"F",17,"T",1,1,"mother",2,1,0,4,4,4
"F",17,"T",2,2,"mother",1,1,0,5,3,18
"F",16,"T",2,2,"mother",4,2,0,5,3,6
"F",17,"T",4,3,"mother",3,1,1,4,4,28
"F",16,"A",1,3,"mother",2,1,3,2,3,5
"F",16,"T",3,4,"mother",2,1,0,1,3,10
"F",16,"T",1,1,"mother",1,2,0,4,3,6
"F",17,"T",3,4,"mother",3,2,0,4,4,6
"F",19,"T",3,3,"other",4,1,0,4,3,10
"M",17,"T",4,4,"mother",2,1,0,5,3,13
"F",16,"A",2,2,"mother",2,1,0,3,3,0
"M",18,"T",2,2,"mother",2,1,1,4,4,15
"F",17,"T",4,4,"mother",1,1,0,5,2,12
"F",17,"T",2,3,"mother",2,2,0,4,4,2
"F",17,"T",3,4,"mother",2,1,2,3,4,22
"M",18,"T",3,3,"father",2,1,1,3,2,13
"F",17,"T",3,2,"father",1,2,0,3,3,3
"F",17,"T",2,2,"mother",3,1,0,4,3,4
"F",17,"T",1,2,"mother",2,2,0,4,2,2
"F",17,"T",1,1,"mother",3,1,1,4,3,0
"F",16,"T",3,2,"mother",2,1,0,2,3,2
"M",18,"T",2,2,"mother",2,2,0,3,3,0
"F",16,"T",4,4,"mother",3,1,0,5,3,0
"F",18,"T",1,3,"mother",2,1,1,5,3,16
"F",17,"T",2,3,"mother",2,1,0,5,3,10
"M",17,"T",3,2,"father",2,1,0,5,3,2
"M",18,"T",1,2,"mother",2,4,0,4,3,14
"F",17,"A",1,2,"mother",3,2,0,3,2,10
"F",17,"T",3,4,"father",2,1,0,3,2,14
"M",17,"T",2,2,"father",2,2,0,4,5,4
"M",17,"T",4,4,"mother",2,1,0,4,5,14
"M",16,"T",4,4,"father",2,1,0,4,2,2
"M",16,"T",1,1,"mother",2,2,0,3,4,18
"M",16,"T",2,3,"mother",3,2,0,5,3,10
"M",17,"T",2,2,"father",2,1,0,4,4,4
"F",16,"T",1,2,"mother",1,1,0,4,5,20
"F",17,"T",1,2,"mother",2,3,0,2,1,2
"M",18,"T",2,2,"father",2,1,1,5,5,0
"M",17,"T",3,4,"mother",2,2,0,2,5,14
"M",17,"A",4,4,"mother",2,2,0,3,3,2
"M",16,"T",3,4,"mother",1,1,0,5,4,0
"M",16,"T",4,4,"mother",1,1,0,5,3,0
"F",18,"T",1,2,"other",3,2,0,4,4,0
"M",16,"T",1,2,"mother",1,3,0,4,3,6
"M",17,"T",3,2,"father",1,2,0,5,2,4
"M",22,"T",1,3,"mother",1,1,3,5,4,16
"M",18,"T",3,3,"mother",2,1,1,4,3,8
"M",16,"T",2,0,"mother",1,1,0,4,3,0
"M",18,"T",2,3,"mother",1,2,1,4,4,0
"M",16,"T",3,3,"other",2,3,0,5,3,6
"M",18,"T",1,2,"mother",1,1,1,3,2,4
"M",16,"T",1,2,"mother",1,2,0,3,3,0
"M",17,"T",1,2,"mother",1,1,0,4,4,0
"M",17,"T",1,1,"mother",1,2,1,4,4,2
"F",17,"T",2,4,"mother",4,1,0,4,2,6
"M",19,"A",3,4,"mother",2,1,0,4,3,12
"M",18,"T",1,2,"mother",2,1,0,5,2,8
"F",17,"T",2,2,"father",4,1,0,3,4,0
"F",18,"T",3,4,"father",2,1,0,3,1,21
"M",18,"T",3,4,"mother",2,1,0,4,3,2
"M",18,"T",2,3,"mother",3,1,0,5,3,1
"F",17,"T",3,3,"mother",3,1,0,3,2,4
"F",18,"T",2,2,"mother",3,1,0,4,3,0
"M",18,"A",4,3,"mother",2,2,0,4,2,13
"M",17,"T",1,3,"mother",2,1,0,5,4,2
"F",18,"T",4,4,"mother",2,2,0,4,3,8
"M",18,"T",2,4,"father",2,1,0,5,4,10
"F",18,"T",1,2,"mother",2,2,0,4,3,0
"F",19,"T",3,3,"other",2,1,2,4,3,15
"F",18,"T",3,2,"father",4,1,0,4,5,4
"F",18,"T",1,1,"mother",2,2,0,4,4,2
"M",17,"T",2,1,"mother",2,1,0,3,5,2
"F",17,"T",4,2,"mother",2,2,0,4,3,2
"F",17,"T",2,2,"mother",2,2,0,4,4,6
"F",18,"A",2,3,"mother",2,2,0,4,1,75
"M",18,"T",4,4,"mother",1,2,0,3,2,22
"F",18,"T",4,4,"father",2,1,1,2,4,15
"M",18,"T",3,4,"mother",1,2,0,4,2,8
"M",17,"A",1,4,"mother",1,2,0,4,5,30
"M",17,"A",2,3,"mother",1,1,1,4,4,19
"F",18,"T",1,1,"mother",4,2,0,5,2,1
"F",18,"T",1,1,"mother",2,2,0,5,4,4
"M",17,"T",1,1,"father",2,1,0,4,3,2
"F",18,"T",2,2,"mother",3,1,0,4,3,5
"F",17,"T",1,1,"mother",3,1,0,4,3,6
"M",18,"T",1,2,"mother",3,1,0,4,2,6
"M",18,"A",4,4,"mother",2,1,0,5,4,9
"M",18,"T",2,4,"mother",2,1,0,4,3,11
"F",17,"T",3,4,"mother",3,1,0,4,2,0
"F",18,"T",1,2,"mother",2,1,1,5,4,12
"F",17,"T",1,3,"mother",4,2,0,3,1,6
"M",18,"T",2,3,"mother",3,2,0,5,4,8
"M",17,"T",3,3,"mother",1,1,0,4,4,4
"F",19,"T",4,4,"other",2,2,0,2,3,0
"F",18,"T",3,4,"other",2,2,0,4,4,10
"F",18,"T",3,4,"father",4,1,0,4,3,0
"M",18,"T",4,4,"mother",1,1,0,1,4,5
"F",18,"A",4,4,"mother",2,1,0,4,2,14
"M",17,"T",4,4,"father",1,2,0,4,1,0
"F",17,"T",2,4,"mother",3,2,0,4,3,0
"F",17,"T",2,3,"father",4,1,0,5,2,0
"M",19,"T",3,3,"other",2,1,1,4,4,20
"F",18,"T",4,2,"other",2,1,1,4,4,8
"M",20,"A",2,3,"other",1,1,0,5,5,0
"M",19,"T",4,4,"other",1,2,1,4,3,38
"M",19,"T",3,3,"father",2,1,1,4,5,0
"F",19,"T",1,1,"other",2,1,1,4,4,18
"F",19,"T",2,1,"other",2,1,1,4,2,0
"F",19,"T",1,2,"other",2,3,0,3,4,20
"M",19,"T",2,1,"other",2,1,1,4,5,3
"F",19,"T",2,3,"other",2,2,1,4,2,22
"F",19,"T",1,1,"other",3,1,2,4,1,14
"F",19,"T",3,2,"other",3,1,1,4,1,40
"F",18,"T",3,4,"mother",3,1,0,4,3,9
"F",17,"T",4,3,"father",3,1,0,4,3,0
"F",18,"T",4,4,"mother",2,1,0,4,4,2
"F",17,"A",3,4,"mother",2,1,0,5,2,23
"F",17,"T",2,2,"mother",3,1,0,3,3,3
"F",17,"T",1,3,"father",3,1,0,3,4,1
"F",17,"T",2,0,"father",3,2,0,3,3,0
"M",18,"T",4,4,"mother",3,1,0,4,3,3
"M",17,"T",3,3,"mother",1,1,0,4,3,3
"M",17,"T",2,2,"mother",1,4,0,4,4,8
"F",17,"T",4,4,"mother",3,1,0,5,4,7
"F",17,"T",4,4,"mother",3,2,0,4,3,4
"M",18,"T",2,2,"mother",4,1,0,4,5,2
"F",17,"T",4,2,"father",3,1,0,4,4,7
"F",18,"T",3,3,"mother",2,1,0,5,3,0
"F",18,"T",2,2,"other",2,1,0,4,3,0
"F",18,"T",2,2,"mother",4,2,0,4,4,0
"F",17,"T",4,3,"mother",3,1,0,4,4,16
"F",19,"A",1,3,"other",3,1,1,5,4,12
"F",17,"T",2,3,"mother",2,1,0,4,3,0
"F",18,"T",3,3,"mother",4,1,0,5,3,7
"F",17,"A",2,3,"mother",2,1,0,4,3,4
"F",19,"T",1,2,"other",3,1,1,4,3,4
"M",18,"T",4,4,"father",2,1,1,4,3,0
"M",18,"T",4,3,"mother",2,1,0,4,3,11
"F",17,"A",2,2,"father",2,1,1,3,3,0
"F",18,"T",3,2,"mother",3,1,0,4,3,4
"F",18,"T",2,3,"mother",3,1,0,5,4,7
"M",18,"T",3,4,"mother",3,1,0,5,3,9
"M",18,"T",3,4,"mother",3,1,0,5,4,0
"F",17,"T",3,4,"mother",3,1,0,4,4,0
"M",18,"T",2,3,"mother",1,2,1,2,5,10
"M",19,"T",1,1,"other",2,3,3,5,4,8
"M",17,"T",3,3,"mother",2,2,0,4,5,2
"M",18,"T",3,1,"mother",1,1,1,4,3,7
"M",19,"T",1,1,"other",1,3,1,4,4,4
"M",17,"T",3,4,"mother",2,2,0,4,5,4
"F",18,"T",3,3,"father",2,1,0,5,3,0
"F",17,"T",4,4,"father",2,2,0,4,3,4
"F",17,"A",2,3,"mother",2,2,0,1,2,2
"M",18,"T",1,1,"father",1,2,0,3,3,4
"F",18,"T",1,1,"father",3,2,0,5,3,0
"M",18,"T",1,1,"mother",2,2,1,4,4,2
"F",18,"T",3,3,"mother",2,2,0,4,3,0
"F",17,"T",4,4,"mother",2,1,0,2,3,0
"F",17,"T",2,1,"father",2,2,0,3,2,0
"M",18,"T",3,1,"mother",2,2,0,3,3,4
"M",18,"T",4,4,"mother",3,2,0,4,2,0
"F",17,"T",1,1,"mother",1,3,1,5,2,0
"F",18,"T",3,2,"father",1,2,0,5,2,0
"F",18,"T",4,4,"father",2,3,0,3,2,10
"F",19,"T",2,3,"other",2,2,2,3,2,4
"M",18,"T",2,1,"father",1,3,0,4,3,3
"F",17,"T",2,2,"mother",3,1,0,3,4,8
"F",17,"T",2,1,"mother",1,1,0,3,5,14
"F",18,"T",4,4,"mother",3,2,0,5,4,0
"F",18,"T",1,1,"mother",3,4,0,4,3,2
"F",20,"T",2,4,"other",3,2,2,5,4,4
"F",18,"T",4,4,"mother",2,1,0,5,4,4
"F",18,"T",3,3,"mother",2,1,0,4,1,0
"F",17,"T",1,3,"mother",2,1,0,4,5,17
"M",18,"T",4,4,"father",2,1,0,3,2,4
"M",18,"T",1,2,"mother",1,2,0,4,4,5
"M",17,"T",3,2,"father",2,2,0,4,4,2
"M",19,"T",1,1,"mother",1,2,1,4,3,0
"M",18,"T",2,4,"father",1,2,1,5,4,14
"F",18,"T",2,2,"mother",3,2,0,5,3,2
"F",18,"T",4,4,"mother",1,3,0,4,4,7
"F",19,"T",3,2,"mother",3,1,1,5,4,0
"F",18,"T",1,3,"mother",2,1,0,4,3,0
"F",18,"T",1,1,"mother",2,2,1,1,1,0
"M",20,"A",2,2,"other",2,1,2,5,5,11
"M",17,"T",1,3,"mother",1,2,0,2,4,3
"M",21,"T",1,1,"other",1,1,3,5,5,3
"M",18,"T",2,3,"mother",1,3,0,4,4,0
"M",19,"T",1,1,"father",1,1,0,3,2,5
